Card,Image,Title,planet_orb,planet_house,sign_1,sign_2,sign_3,suit_1,suit_2,path,sephira,element_1,element_2,info,deepinfo
The Star,the_star.jpg,,Neptune,Saturn,Aquarius,,,,,15.2.6,,,,Hope. Unexpected help. Clarity of vision. Spiritual insight. Ill-dignified: Error of judgment. Dreaminess. Disappointment.,"The Star. Every form of energy in the card is spiral; this is in anticipation of the present Aeon, that of Horus, the crowned and conquering Child, successor to the ""dying god,"" Osiris. The departing Aeon is shown in the rectilinear forms of energy issuing from the lower cup. These forms stand for the now abandoned Euclidean geometry. The figure of the goddess may be taken as a manifestation of the surrounding space of Heaven."
Six of Swords,six_of_swords.jpg,Science,Mercury,Sol,Aquarius,,,Swords,,,Tiphareth,Air,,Science. Intelligence that has realized its goal. Labor. Work. Success after anxiety. Passage from difficulty. Journey by water. Ill-dignified: Selfishness. Conceit. Intellectual pride.,"Six of Swords = Science. Tiphareth in the suit of Air. Mercury in Aquarius. The ornamental hilts of the Swords form a hexagon in the card. Their points touch the outer petals of the red rose upon a Golden Cross of six squares. The perfect balance of mental and moral faculties, hardly won and impossible to hold, interprets the idea of Science."
Knight of Swords,knight_of_swords.jpg,,,,Gemini,Taurus,,Swords,Disks,,,Air,Fire,"Represents the fiery part of air. A man, active, skillful and clever, fierce, delicate and courageous but often unreflective. Ill-dignified: A man incapable of decision, deceitful, tyrannical and crafty.","Knight of Swords represents the fiery part of air, wind and storm; the violent power of motion applied to a manageable element. He is represented as a warrior with a helmet bearing a revolving wing, and mounted on a maddened steed. He carries a Sword and a Poniard."
The Priestess,the_priestess.jpg,,Luna,,,,,,,13.1.6,,,,"Pure, exalted and gracious influence enters the matter, hence change, alternation, increase and decrease, fluctuation. May be led away by enthusiasm unless careful balance maintained.","The Priestess. She is Isis, the eternal virgin, and again she is Artemis. It is for this reason she is clothed in the luminous veil of light, light being viewed not as the manifestation, but as the veil, of the spirit."
Lust,lust.jpg,,Uranus,Sol,Leo,,,,,19.4.5,,,,Courage. Strength. Energy. Use of magical power. Control of the life force. Great love affair. Resort to magic.,"Lust. This card was formally called Strength. It implies, however, not only strength, but joy in strength exercised. The seven heads of the lion are, respectively, that of an angel, saint, poet, adulteress, warrior, satyr, and lion-serpent. The central figure is the woman, who has surrendered herself to all the forces of creation and who rides astride of the Beast. In her left hand she holds the reins, as representing the passion which unites them, and in her right she holds aloft the Cup aflame with love and death. In this Cup are mingled the elements of the sacrament of the Aeon. In the background are the bloodless figures of the saints on whom this mirage travails, for their whole life has been absorbed into the Holy Grail."
Three of Disks,three_of_disks.jpg,Work,Mars,Saturn,Capricorn,,,Disks,,,Binah,Earth,,"Works. Business. Paid employment. Commercial transaction. Constructive building up. Increase of material things. Growth. Commencement of matters to be established later. Ill-dignified: Selfish, narrow, prejudiced, greedy person seeking impossibilities.","Three of Disks = Work. Binah in the element of Earth. Mars in Capricornus. This card represents a pyramid viewed from above. The base is formed of three wheels which typify Mercury, Sulphur and Salt, Sattva, Rajas, and Tamas, Aleph, Shin, and Mem. This means the material establishment of the idea of the universe."
The Lovers,the_lovers.jpg,,Dragon's Head,Mercury,Gemini,,,,,17.3.6,,,,Openness to inspiration. Intuition. Intelligence. Childishness. Attraction. Beauty. Love. Ill-dignified: Self-contradiction. Instability. Indecision. Union in a shallow degree with others. Superficiality.,"The Lovers. This specifically alchemical card is a symbol of procreation, the swords drawing attention to the process of division which actually takes place. Cain and Abel represent the refusal of God to hear the children of Eve until blood is shed. This seems to be the symbolisation of external religion. It was by means of the shedding of blood and of external religions that Cain was able to have contact with his fellow men. In that sense the meaning of the card is the giving of science to mankind, since the murder symbolises analysis and the subsequent contact, synthesis."
Three of Wands,three_of_wands.jpg,Virtue,Sol,Saturn,Aries,,,Wands,,,Binah,Fire,,Virtue. Established strength. Success after struggle. Pride and arrogance. Realization of hope. Nobility. Ill-dignified: Conceit.,"Three of Wands = Virtue. Binah in the suit of Fire. Sun in Aries. The Wands take the form of the Lotus, and represent the establishment of primeval energy."
Seven of Swords,seven_of_swords.jpg,Futility,Luna,Venus,Aquarius,,,Swords,,,Netzach,Air,,Futility. Unstable effort. Vacillation. Vain striving against opposition too powerful. Partial success by giving up on the brink of winning through lack of energy. Fascination with display. Journey by land. Untrustworthy person.,Seven of Swords = Futility. Netzach in the suit of Air. Moon in Aquarius. The card shows six Swords with their hilts in crescent formation. Their points impinge on a much larger upthrusting Sword. Here vacillation and compromise are depicted.
The Magus,the_magus.jpg,,Mercury,,,,,,,12.1.3,,,,Skill. Wisdom. Adroitness. Elasticity. Craft. Cunning. Deceit. Theft. Sometimes occult wisdom or power. Messages. Business transactions. Ill-dignified: Learning or intelligence interfering with the matter in hand.,"The Magician or Juggler. Mercury, who is Wisdom. Will and Word, by whom the world is created, symbolises the fluidic basis of all transmission of activity. Behind him and through him is the Ape, Hanuman, which is a Hindu conception. The Egyptian counterpart, Thoth, is also always followed by the Cynocephalus Ape."
Seven of Wands,seven_of_wands.jpg,Valor,Mars,Venus,Leo,,,Wands,,,Netzach,Fire,,Valour. Energy feels itself at last gasp. Struggles. Possible victory. Obstacles and difficulties yet courage to meet them. Victory in small things. Ill-dignified: Quarreling.,"Seven of Wands = Valour. Netzach in the suit of Fire. Mars in Leo. The Adept's Wands are relegated to the background; in front is a crude, uneven club; the flames are dispersed. This shows degeneration of initial Energy, and departure from equilibrium."
Prince of Cups,prince_of_cups.jpg,,,,Scorpio,Libra,,Cups,Swords,,,Water,Air,"Represents the airy part of water. A young man whose characteristics are subtlety, secret violence, craft; an artist whose calm surface masks intense passion, caring intensely for power and wisdom and ruthless in his own aims. Ill-dignified: Intensely evil and merciless man with overweening ambition.","Prince of Cups = airy part of Water, or its elasticity and volatility, and the energy of steam. In this card he is seated in a chariot, surrounded by clouds and drawn by an eagle. He carries a Lotus and a Cup from which issues a spiral serpent."
Seven of Disks,seven_of_disks.jpg,Failure,Saturn,Venus,Taurus,,,Disks,,,Netzach,Earth,,Failure. Labor abandoned. Sloth. Unprofitable speculation. Promises of success unfulfilled. Hopes deceived. Disappointment. Little gain from much labor. Well-dignified: Delay but growth. Honorable work undertaken for the love of work with no expectation of material gain.,Seven of Disks = Failure. Netzach in the suit of Earth. Saturn in Taurus. The Disks are arranged as in the geomantic figure Rubeus. This card represents enfeeblement and blight.
Eight of Wands,eight_of_wands.jpg,Swiftness,Mercury,Mercury,Sagittarius,,,Wands,,,Hod,Fire,,Swiftness. Speech. Light. Electricity. Energy of high velocity. Activity. Approach to goal. Letter or message. Rapidity. Boldness. Freedom. Ill-dignified: Too much force applied too suddenly. A flash in the pan.,"Eight of Wands = Swiftness. Hod in the suit of Fire. Mercury in Sagittarius. This card represents the Light-Wands turned into electrical rays constituting matter by their energy. Above this restored Universe is the Rainbow, representing interplay and correlation. It also shows the energy of high velocity."
Eight of Disks,eight_of_disks.jpg,Prudence,Sol,Mercury,Virgo,,,Disks,,,Hod,Earth,,"Prudence. Intelligence applied to material affairs. Agriculture. Building. Skill. Cunning. Industriousness. Ill-dignified: ""Penny wise and pound foolish"" attitudes. Avariciousness and hoarding. Meanness. Over-carefulness in small things at the expense of the great.","Eight of Disks = Prudence. Hod in the suit of Earth. Mercury in Virgo. The Disks are arranged as the geomantic figure Populus, and represent the fruit of a great tree. It signifies intelligence applied to material matters."
Four of Disks,four_of_disks.jpg,Power,Sol,Jupiter,Capricorn,,,Disks,,,Chesed,Earth,,Power. Law and order. Gain of money and influence. Earthly power but nothing beyond. Success. Rank. Dominion. Skill in the direction of physical forces. Ill-dignified: Prejudice. Covetousness. Suspicion. Lack of originality.,"Four of Disks = Power. Chesed in the suit of Earth. Sun in Capricornus. The Disks are very large and solid, and suggest a fortress. This card symbolises Law and Order, maintained by constant vigilance."
Fortune,fortune.jpg,,Jupiter,,,,,,,21.4.7,,,,"Change of fortune, generally good. Destiny.","Fortune. By the attribution of this card to the planet Jupiter, it is made to represent the Universe in its aspect of continual change. The appearance of all sorts of celestial phenomena emphasises this. In the middle is the ten-spoked wheel, the accepted symbol of Fortune. The three figures attached to the wheel symbolise the three forms of energy, expressed in the Hindu System by the term Guna. At the top sits the Sphinx, typifying intelligence and balance (Sativas); Hermanubis, in the semblance of an ape, represents the restlessness of brilliant, unstable reason (Rajas); and at the bottom, almost falling from the wheel, is the reptile-headed Typhon (Tamas), the symbol of destruction, sluggishness, and ignorance. The alchemical attributes of the Gunas are Sulphur, Mercury, and Salt."
The Hierophant,the_hierophant.jpg,,Luna,Venus,Taurus,,,,,16.2.4,,,,Divine wisdom. Inspiration. Stubborn strength. Toil. Endurance. Persistence. Teaching. Help from superiors. Patience. Organization. Peace. Goodness of heart. Occult force voluntarily invoked.,"The Hierophant. The reference in this card is to Taurus the Bull and its Indian equivalent, the Elephant. The pentagram with its dancing male child symbolises the New Aeon of the child Horus, which takes the place of the Old Aeon that has governed us for 2,000 years. The Hierophant moves only at intervals of 2,000 years. The four masks are the guardians of every mystery, culminating in the Grand Mystery of the uniting of microcosm and macrocosm. The woman before the hierophant represents Venus, now armed and militant. The Wand with its interlaced rings shows the three Aeons of Isis, Osiris and Horus."
Four of Wands,four_of_wands.jpg,Completion,Venus,Jupiter,Aries,,,Wands,,,Chesed,Fire,,Completion. Perfected work. Settlement. Completion after much labor. Rest. Subtlety. Cleverness. Conclusions from previous knowledge. Ill-dignified: Unreliability from overanxiousness and hurriedness of action.,"Four of Wands = Completion. Chesed in the suit of Fire. Venus in Aries. The Wands are headed by the Ram sacred to Aries, and, at the other end, the doves of Venus. The original Will of the Two has been transmitted through the Three, and is now built up into a solid system of order, law, and government."
Nine of Swords,nine_of_swords.jpg,Cruelty,Mars,Luna,Gemini,,,Swords,,,Yesod,Air,,"Cruelty. Agony of mind. Despair. Hopelessness. Worry. Suffering. Loss. Illness. Malice. Pain. Burden. Oppression. Subtlety and craft. Lying. Shame. Well-dignified: Obedience. Faithfulness. Patience. Unselfishness,","Nine of Swords = Cruelty. Yesod in the suit of Air. Mars in Gemini. The nine Swords are of different lengths, pointing downwards, poison blood drips from their jagged points. The background is studded with tears and crystal forms. In this card intellect is replaced by heartless passion."
Queen of Swords,queen_of_swords.jpg,,,,Libra,Virgo,,Swords,Disks,,,Air,Water,"Represents the watery part of air. A graceful woman, intensely perceptive, a keen observer, subtle interpreter, an intense individualist, confident, gracious and just. Ill-dignified: Cruel, sly, deceitful and unreliable woman. Superficial attractiveness makes her all the more dangerous.","The Queen of Swords represents the water part of Air, that is its elasticity and transmissive power. She is throned on the clouds, and her helmet carries a child's head. In one hand a sword, in the other a head of a man. She represents the clear perception of an idea, the Liberator of mind."
Knight of Wands,knight_of_wands.jpg,,,,Sagittarius,Scorpio,,Wands,Cups,,,Fire,Fire,"Represents the fiery part of fire. A man with the qualities of activity, generosity, impetuosity, pride and swiftness. Ill-dignified: Evil-minded, cruel, bigoted and brutal man.",Knight of Fire [Wands] = fiery part of Fire. This card represents a warrior in complete armour on a black horse. (Note-No description of 33).
Eight of Swords,eight_of_swords.jpg,Interference,Jupiter,Mercury,Gemini,,,Swords,,,Hod,Air,,"Interference. Waste of energy in details causing neglect of more important things. Lack of persistence. Sheer, unforeseen bad luck. Restriction. Great care in some things counterbalanced by equal disorder in others.","Eight of Swords = Interference. Hod in the suit of Air. Jupiter in Gemini. The centre of the card contains two long Swords pointing down, while six smaller ones suggesting Eastern weapons cross them, three on each side. The card suggests lack of persistence in intellectual matters and accidental interference."
Ten of Swords,ten_of_swords.jpg,Ruin,Sol,Earth,Gemini,,,Swords,,,Malkuth,Air,,"Ruin. Reason divorced from reality. Death. Failure. Disaster yet not entirely without hope. Disruption. Idle chatter. Clever, eloquent and insolent person, impertinent yet with mirth. Spiritually, may herald the end of delusion.","Ten of Swords = Ruin. Malkuth in the suit of Air. Sun in Gemini. The Swords are arranged on the Tree of Life, but the points one to five, and seven to nine, shatter the central Sword which represents the Sun, the Heart. The background is a flame with explosive destruction. This card shows reason run mad and a riot of soulless mechanism."
Knight of Disks,knight_of_disks.jpg,,,,Virgo,Leo,,Disks,Wands,,,Earth,Fire,"Represents the fiery part of earth. A farmer, patient, laborious and clever in material things, perhaps somewhat dull and preoccupied with material affairs. Ill-dignified: Avaricious, surly, petty, jealous, grasping man.","Knight of Disks = the fiery part of Earth. Mountains, earthquakes, also gravitation, and the activity of Earth as a producer of Life. He is clothed as a warrior, and his helmet is crested with a stag. He is armed with a flail, carries an exceptionally solid Disk, and is mounted on a shire horse."
The Hanged Man,the_hanged_man.jpg,,,,,,,,,23.5.8,,Water,,Redemption through sacrifice. Enforced sacrifice. Suffering. Ill-dignified: Punishment. Loss. Defeat. Failure. Death.,"The Hanged Man or Dying God. The posture of the drowned or hanged man is of the greatest significance. The legs are crossed so that the right leg forms a right angle with the left leg, and the arms are stretched out at an angle of sixty degrees, so as to form an equilateral triangle. This gives the symbol of the triangle surmounted by a cross, which represents the descent of the light into darkness in order to redeem it. The whole idea of sacrifice is a misconception of nature, and the element of water to which the card is attributed is the element of illusion."
Five of Swords,five_of_swords.jpg,Defeat,Venus,Mars,Aquarius,,,Swords,,,Geburah,Air,,"Defeat. Loss. Malice. Spite. Weakness. Slander. Failure. Anxiety. Poverty. Dishonor. Trouble. Grieving after pain. Ties. Separator of friends. A busybody, cruel yet cowardly, evil speaking.","Five of Swords = Defeat. Geburah in the suit of Air. Venus in Aquarius. The hilts of the swords form an inverted pentagram and are diverse, the blades broken and crooked, typifying intellect enfeebled by sentiment."
The Moon,the_moon.jpg,,Venus,Jupiter,Pisces,,,,,29.7.10,,,,Illusion. Deception. Bewilderment. Hysteria. Madness. Dreaminess. Falsehood. Voluntary change. The brink of an important change. This card is very sensitive to dignity.,"The Moon. This card represents the state of impure horror, hidden darkness which must be passed through before light can be reborn. The Moon is, therefore, the most universal of the planets, partaking at once of the highest and the lowest. At the bottom of the card moves the Sacred Beetle, bearing the Sun through the darkness of night. Above is the evil landscape of the Moon. A stream, or path of Serum, tinged with blood, flows between two barren mountains. On the hills are dark sinister towers. On the threshold stands the jackal-headed god, Anubis, in double form; at his feet are the jackals waiting to devour those who have fallen by the way."
Ace of Cups,ace_of_cups.jpg,,,,,,,Cups,,,Kether,Water,,The Root of the Powers of Water. Fertility. Productiveness. Beauty. Pleasure and happiness.,Ace of Cups = the element of Water in its secret and original form. It is the feminine compliment of the Ace of Wands. This is a primordial card in the essential form of the Holy Grail.
Four of Cups,four_of_cups.jpg,Luxury,Luna,Jupiter,Cancer,,,Cups,,,Chesed,Water,,Luxury. Weakness. Abandonment to desire. Pleasure mixed with anxiety. Blended success and pleasure possibly approaching their end. Injustice. The seeds of decay in the fruits of pleasure.,"Four of Cups = Luxury. Chesed in the suit of Water. Moon in Cancer. The four Cups stand upon the sea, no longer stable but ruffled. The Lotus has a multiple stem. The Energy of the element, although ordered, has lost the original purity of the conception."
The Emperor,the_emperor.jpg,,Sol,Mars,Aries,,,,,28.7.9,,,,War. Conquest. Victory. Strife. Stability. Power. Originality. Government. Energy. Ambition. Ill-dignified: Overweening pride. Megalomania. Rashness. Ill-temper.,"The Emperor. This card means Government by means of two contrasting symbols. These are the Ram, which, when wild, is solitary and courageous, and the Lamb, which is docile and cowardly, and is, in fact, the Ram tamed by authority. The posture typifies the Alchemical Sulphur, the fiery element of the universe. The Red Eagle represents the Red Tincture of the Alchemists, which is of the nature of gold."
Seven of Cups,seven_of_cups.jpg,Debauch,Venus,Venus,Scorpio,,,Cups,,,Netzach,Water,,Debauch. Delusion. Illusory success. Drug addiction. Intoxication. Guilt. Lying. Deceit. Promises unfulfilled. Lust. Fornication. Dissipation in love and friendship. Vanity.,"Seven of Cups = Debauch. Netzach in the suit of Water. Venus in Scorpio. The Lotuses have become poisonous; green slime issues from them. They are arranged in two descending triangles, with a lower cup much larger than the rest. This shows external splendour and internal corruption."
Two of Cups,two_of_cups.jpg,Love,Venus,,Cancer,,,Cups,,,Chokmah,Water,,Love. Harmony of male and female interpreted in broadest sense. Perfect and placid harmony radiating intense joy and ecstacy. Pleasure. Warm friendship. Mirth. Ill-dignified: Folly. Dissipation. Waste.,"Two of Cups = Love. Chokmah in the suit of Water. Venus in Cancer. The card represents two cups overflowing on a calm sea. These are filled from a Lotus, floating on the sea, twined with two dolphins, showing the harmony of the male and female interpreted in the highest and broadest sense."
Princess of Swords,princess_of_swords.jpg,,,,Aquarius,Capricorn,Pisces,Swords,,,,Air,Earth,"Represents the earthy part of air. A young woman, stern and revengeful, with destructive logic, firm and aggressive, with great practical wisdom and subtlety, dexterous in management of practical affairs. Ill-dignified: Woman filled with low cunning and frivolousness.","The Princess of Swords = the earthy part of Air; the fixation of the volatile, or the materialisation of the Idea. She appears in this card in front of a barren altar, and has a helmet of Medusa on her head."
Two of Swords,two_of_swords.jpg,Peace,Luna,,Libra,,,Swords,,,Chokmah,Air,,"Peace. Contradictory characteristics in the same nature. Sacrifice and trouble giving birth to strength. Quarrel made up and peace restored, yet tension remaining. Pleasure after pain. Truth and untruth. Indecision. Actions sometimes selfish, sometimes unselfish.","Two of Swords = Peace. Chokmah in the suit of Air. Moon in Libra. In this card are two crossed swords united by a blue rose with five petals, which emits white rays producing a geometrical pattern which suggests energy beyond the onslaught of the disruption of the intellect."
Four of Swords,four_of_swords.jpg,Truce,Jupiter,Jupiter,Libra,,,Swords,,,Chesed,Air,,Truce. Rest from sorrow. Peace after war. Relaxation of anxiety. Refuge from mental chaos. Recovery from sickness. Change for the better after struggle. Authority in the intellectual world. Convention. Establishment of dogma.,Four of Swords = Truce. Chesed in the suit of Air. Jupiter in Libra. The four swords in this card are at the corner of a St. Andrew's Cross. Their points are sheathed in a rose of forty-nine petals. This represents the establishment of dogma and convention in the realm of intellect.
The Fool,the_fool.jpg,,,,,,,,,11.1.2,,Air,,"In spiritual matters, represents ideas, thoughts, spirituality, that which endeavors to transcend earth. In material matters may show, if ill-dignified, folly, eccentricity, even mania. It represents the original, subtle, sudden impulse coming from a strange and unexpected quarter.","The Fool is Air or Vacuum or Puissant Innocence. He holds the male element of fire, the female element of water, the sword of air, and the disc of earth. He is the Green Man of Spring, the great Fool of the Celts, Daluah and Parsifal. He is also Zeus Arrhenothelus, Dionysus Zagreus, Bacchus Diphues and Baphomet."
Ace of Disks,ace_of_disks.jpg,,,,,,,Disks,,,Kether,Earth,,"The Root of the Powers of Earth. Material gain. Power. Labor. Wealth. Contentment. Materiality in all senses. For Crowley, this card was an affirmation of the identity of sun and earth, spirit and flesh.","The Ace of Disks represents the last of the feminine symbols; it is the twin sister of Air, and its bride. It is not only Earth, but matter as such. Per contra, the Disk is the whirling symbol of Space. The Disk is winged to indicate its spiritual origin."
The Aeon,the_aeon.jpg,,,,,,,,,31.8.10,,Fire,,Final decision concerning the past. New current for the future. Always represents the taking of a definite step.,"The Aeon, or the Angel, or the Last Judgment. The card is girt about with the body of Nuit, the star goddess, representing unlimited possibility. She surrounds the globe of fire, her mate, Hadit, standing for eternal energy. In the middle sits their child, Horus, also a solar deity, who is the incarnation of the New Aeon. The left hand, extended and empty, reminds us that the God has destroyed the old Universe, but is, as yet, too young to form its successor. At the bottom of the card appears the Hebrew letter, Shin, that is attributed to this card. The three Yods are occupied by three human figures arising to partake of the Essence of the New Aeon."
Ace of Wands,ace_of_wands.jpg,,,,,,,Wands,,,Kether,Fire,,The Root of the Powers of Fire. Energy. Strength. Force. Solar-phallic outburst of flame. Vigor. Natural force as opposed to invoked force.,"Ace of Wands represents the essence of the elements of fire in its inception. The flames are Yods, arranged in the form of the Tree of Life. It is primordial Energy manifesting in Matter."
The Universe,the_universe.jpg,,Saturn,,,,,,,32.9.10,,Earth,,The essence of the question itself. Synthesis. The end of the matter. Delay. Opposition. Inertia. Perseverance. Patience. The crystallization of the whole matter involved.,"The Universe. This card is attributed to the letter Tau. Together with the first card, the Fool, the word Ath is spelled, meaning Essence. Thus all reality is comprised in the series of which these two cards are the beginning and the end. The letter Tau symbolises a fourfold extension, applicable to the transcendence of space and time by a continually self-compensating change. The letter is further attributed to Saturn, the slowest of the planets, and on that account associated with the element of Earth. Saturn is the old god, the god of fertility. The presence of the letter Tau upon the Tree of Life indicates a state of equilibrium between change and stability. The glyph on the card, therefore, symbolises the completion of the Great Work. The image of the Universe is a maiden, the final letter of Tetragrammaton. She is represented as dancing with the Great spiral-forming Serpent or Sun. About her is an ellipse composed of seventy-two circles for the quinaries of the Zodiac. At the corners of the card are the four Kerubim, showing the established Universe. In the centre is the Wheel of Life, initiating the form of the Tree of Life, which is visible only to those of pure heart. On the lower part of the card is the late J. W. N. Sullivan's well-known map of the chemical elements."
Prince of Disks,prince_of_disks.jpg,,,,Taurus,Aries,,Disks,Wands,,,Earth,Air,"Represents the airy part of earth. A young man bringing great energy to practical matters. A capable manager and steadfast worker, competent, perhaps considered dull, somewhat resentful of spiritual types, slow to anger but implacable if aroused.",Prince of Disks = airy part of Earth or the florescence and fructification of that element. He is seated in a chariot drawn by a bull. His helmet is crowned by a bull; and he holds a Disk resembling a globe and marked with mathematical symbols. In his other hand he carries a sceptre surmounted by a cross. The card symbolises the function of bringing forth from the Earth the vegetation which is the substance of the Spirit itself.
Prince of Wands,prince_of_wands.jpg,,,,Leo,Cancer,,Wands,Cups,,,Fire,Air,"Represents the airy part of fire. A young man, swift and strong, impulsive, violent, just, noble and generous with a sense of humor. Ill-dignified: Proud, intolerant, cruel and prejudiced youth who may be a coward.","Prince of Wands = airy part of Fire, with its faculty of expanding and volatilising. He is seated in a Chariot of Flame and holds the Phoenix Wand of Power and Energy."
Princess of Cups,princess_of_cups.jpg,,,,Scorpio,Libra,Sagittarius,Cups,,,,Water,Earth,"Represents the earthy part of water. A young woman, infinitely gracious, all sweetness, voluptuousness, gentleness, kindness, romantic and dreamy. Ill-dignified: Indolent, selfish and luxurious woman.","Princess of Cups = earthy part of Water, or its faculty of crystallisation, also its power to give substance to idea, to support Life, and to form a basis of chemical combination. She is represented as a dancing figure, and has a crest of a swan with open wings. She carries a Cup with a tortoise. The dolphin symbolises the power of creation."
Five of Disks,five_of_disks.jpg,Worry,Mercury,Mars,Taurus,,,Disks,,,Geburah,Earth,,Worry. Intense strain with continued inaction. Loss of money. Profession. Monetary anxiety. Poverty. Well-dignified: Labor. Land cultivation. Building. Intelligence applied to labor.,"Five of Disks = Worry. Geburah in the suit of Earth. Mercury in Taurus. This represents the five Disks in an inverted pentagram. The general effect is one of strain, yet the symbol is long-continued inaction. Its natural meaning is intelligence applied to labour."
Queen of Disks,queen_of_disks.jpg,,,,Capricorn,Sagittarius,,Disks,Wands,,,Earth,Water,"Represents the watery part of earth. A woman ambitious in useful directions, affectionate and kind, charming, timid, practical, quiet and domesticated. Ill-dignified: Dull. Servile. Foolish. Capricious. Prone to debauch and moodiness.","Queen of Disks = watery part of Earth or fertility. She is throned amid vegetation and crowned with the spiral horns of the Markhor. Her sceptre is surmounted by a cube, and she holds her proper Disk-a sphere of circles and loops. She typifies ambition of matter to take part in the work of creation."
Five of Wands,five_of_wands.jpg,Strife,Saturn,Mars,Leo,,,Wands,,,Geburah,Fire,,Strife. Quarreling. Fighting. Competition. Cruelty. Violence. Lust and desire. May be prodigality or generosity according to dignity.,"Five of Wands = Strife. Geburah in the suit of Fire. Saturn and Leo. These Wands are of the Chief Adept or Caduceus, second Adept, or Phoenix, third Adept, or Lotus. Five double flames show balanced energy. This is purely active force."
Queen of Wands,queen_of_wands.jpg,,,,Aries,Pisces,,Wands,Cups,,,Fire,Water,"Represents the watery part of fire. A woman of adaptability, persistent energy, calm authority, with great power to attract, generous but impatient of opposition. Ill-dignified: A woman who is stupid, obstinate, revengeful, domineering, quick to take offense without good cause.","Queen of Wands = watery part of Fire, its fluidity and colour. The card shows a Queen with a crown of the winged globe. She is seated on a throne of flame, ordered into geometrical light by her material power. She carries a Wand topped with a fir cone, suggestive of the mysteries of Bacchus."
Knight of Cups,knight_of_cups.jpg,,,,Pisces,Aquarius,,Cups,Swords,,,Water,Fire,"Represents the fiery part of water. A man who is a graceful dilettante, amiable in a passive way, quick to respond to attraction and easily enthusiastic, exceedingly sensitive but with little depth of character. Ill-dignified: Sensual and idle man, untruthful, prone to melancholy and drug abuse.","Knight of Cups = fiery part of Water, or water's power of solution. The card represents him as a warrior in black armour, with white wings, on a white horse. In his hand he carries the Cup from which issues a Crab, sign of water in aggression. The peacock symbolises the brilliance of water."
Ten of Cups,ten_of_cups.jpg,Satiety,Mars,Earth,Pisces,,,Cups,,,Malkuth,Water,,Satiety. Pursuit of pleasure crowned with perfect success but incomplete. Matters arranged and settled as wished. Lasting success. Peacemaking and generosity. Ill-dignified: Dissipation. Debauchery. Pity. Waste. Stagnation.,"Ten of Cups = Satiety. Malkuth in the suit of Water. Mars in Pisces. The Cups are arranged as in the Tree of Life, but they are unstable and spill the water from the great Lotus that hangs over them. This typifies the disruptive and violent force which, inevitably, attacks every supposed perfection."
The Empress,the_empress.jpg,,Venus,,,,,,,14.2.3,,,,Love. Beauty. Happiness. Pleasure. Success. Fruitfulness. Good fortune. Graciousness. Elegance. Gentleness. Ill-dignified: Dissipation. Debauchery. Idleness. Sensuality.,"The Empress. She is seated in traditional posture. This posture represents salt, the inactive principle of nature. The lotus typifies the feminine or passive power. The Bees on the robe may be compared with the Fleur de Lys, suggesting the French origin of the symbol; the belt is the Zodiac. The Pelican may be identified with the Great Mother and her offspring. It represents the continuity of life and inheritance of blood uniting all forms of nature. The White Eagle typifies Alchemical Salt, and the White Tincture, of the nature of silver."
Prince of Swords,prince_of_swords.jpg,,,,Aquarius,Capricorn,,Swords,Disks,,,Air,Air,"Represents the airy part of air. A young man, purely intellectual, full of ideas and designs, domineering, intensely clever but unstable of purpose, with an elusive and elastic mind supporting various and contradictory opinions. He slays as fast as he creates. Ill-dignified: Harsh, malicious, plotting, unreliable man; a fanatic.",The Prince of Swords = the airy part of Air. This card typifies the Intellect. The Prince is seated in a chariot drawn by child-like fays.
Princess of Wands,princess_of_wands.jpg,,,,Leo,Cancer,Virgo,Wands,,,,Fire,Earth,"Represents the earthy part of fire. A young woman, individualistic, brilliant and daring with great energy, sudden and violent in love or anger, enthusiastic. Ill-dignified: Superficial, theatrical, shallow, false, cruel, unreliable, faithless, domineering woman.","Princess of Wands = the earthy part of Fire, or the irresistible chemical attraction of the combustible substance. She has the plumes of Justice streaming from her brow, and holds a Wand crowned by the Sun."
Ten of Wands,ten_of_wands.jpg,Oppression,Saturn,Earth,Sagittarius,,,Wands,,,Malkuth,Fire,,Oppression. Force detached from spiritual sources. Fire in its most destructive aspect. Cruelty and malice. Selfishness. Lying. Repression. Slander. Ill will. Can be self-sacrifice and generosity if particularly well-dignified.,"Ten of Wands = Oppression. Malkuth in the suit of Fire. The Wands are crossed, showing the powers of completed energies of Fire, but they have lost their patents of nobility. In front are two dorjes lengthened to bars. This card shows the Force detached from its spiritual sources."
Six of Cups,six_of_cups.jpg,Pleasure,Sol,Sol,Scorpio,,,Cups,,,Tiphareth,Water,,Pleasure. Well-being. Harmony of natural forces without effort or strain. Ease. Satisfaction. Happiness. Success. Fulfillment of sexual will. Beginning of steady increase (but beginning only). Ill-dignified: Vanity. Presumptuousness. Thanklessness.,Six of Cups = Pleasure. Tiphareth in the suit of Water. Sun in Scorpio. The Lotus stems are grouped in an elaborate movement. Water gushes into them; they are full but not overflowing. This shows the influence of the Sun on Water. His fierce but balanced power operates on a type of putrefaction which is the basis of fertility.
Princess of Disks,princess_of_disks.jpg,,,,Taurus,Aries,Gemini,Disks,,,,Earth,Earth,"Represents the earthy part of earth. A young woman beautiful and strong, as if beholding a secret wonder, pregnant with all life. She is generous, kind, diligent, benevolent, preserving. Ill-dignified: Wasteful and prodigal woman at war with her essential dignity.","Princess of Disks = earthy part of Earth, or the element on the brink of Transfiguration. She is standing; her crest is the head of the ram; her sceptre descends into the earth where its head becomes a diamond. Behind are a grove of trees, and an altar resembling a wheatsheaf. She carries a Disk in whose centre is the Chinese ideogram denoting the twin spiral force of Creation in perfect equilibrium."
Eight of Cups,eight_of_cups.jpg,Indolence,Saturn,Mercury,Pisces,,,Cups,,,Hod,Water,,Indolence. Abandoned success. Decline of interest in anything. Temporary success but without further result. Instability. Misery and repining. Journeying from place to place. May mean leaving material success for something higher.,"Eight of Cups = Indolence. Hod in the suit of Water. Saturn in Pisces. The Lotuses droop, the Cups are shallow and old, and are arranged in three rows. The upper row is empty."
Ten of Disks,ten_of_disks.jpg,Wealth,Mercury,Earth,Virgo,,,Disks,,,Malkuth,Earth,,"Wealth. Material prosperity and riches. Completion of material fortune but nothing beyond final solidification unless there is devotion to creativity. Old age. Ill-dignified: Slothfulness. May mean partial loss, dullness of mind with acuity and profit in money transactions. Heaviness.","Ten of Disks = Wealth. Malkuth in the suit of Earth. Mercury in Virgo. The Disks have become coins, and are arranged on the Tree of Life, the tenth Disk being larger. The image indicates the futility of material gain."
The Sun,the_sun.jpg,,Sol,,,,,,,30.8.9,,,,"Glory. Gain. Riches. Triumph. Pleasure. Frankness. Truth. Shamelessness. Manifestation. Recovery from sickness, but sometimes sudden death. Ill-dignified: Arrogance. Vanity.","The Sun. This card represents the Lord of the new Aeon, the Lord of Light, Life, Liberty and Love, and the complete emancipation of the human race. The green mound represents the fertile earth, but the presence of a wall shows that the new Aeon does not mean the absence of control. The twin children are represented as dancing outside the wall, because they typify the new stage in human history, the stage of complete freedom from the restrictions imposed by such ideas as sin and death."
Queen of Cups,queen_of_cups.jpg,,,,Cancer,Gemini,,Cups,Swords,,,Water,Water,"Represents the watery part of water. A woman who reflects the nature of the observer, dreamy, tranquil, poetic, imaginative, kind yet not willing to take much trouble for another. She is much affected by surrounding influences, therefore more dependent than most other cards on good or ill dignity.","Queen of Cups = watery part of Water, or its power of reflection and reception. She is enthroned on still water, and carries a shell-like Cup containing a cray-fish. In her other hand she holds the Lotus of Isis."
Two of Wands,two_of_wands.jpg,Dominion,Mars,,Aries,,,Wands,,,Chokmah,Fire,,"Dominion. Fire in its highest form. Energy initiating a current of force. Harmony of rule and justice. Influence over another. Boldness. Courage, Fierceness. Ill-dignified: Restlessness. Turbulence. Obstinacy.",Two of Wands = Dominion. Chokmah in the suit of Fire. Mars in Aries. Here are two dorjes crossed. The dorje is the Tibetan symbol of destruction. But destruction may be regarded as the first step in the creative process.
The Devil,the_devil.jpg,,Mars,Saturn,Capricorn,,,,,26.6.8,,,,Blind impulse. Irresistibly strong and unscrupulous person. Ambition. Temptation. Obsession. Secret plan about to be executed. Hard work. Endurance. Aching discontent. Materialism. Fate.,"The Devil is here represented in the traditional form of the Goat. The cult of the Goat represents the impulse to reckless creation without any regard for result. Behind the Goat stands the Tree of Life, which pierces the Heavens in a medley of fantastic forms, recalling the markings on the planet Mars, always associated with the fiery material energy of creation. In the transparent roots the sap is seen, seething and leaping in every direction. The ring at the top is one of the rings of Saturn or Set, the Ass-headed god of the Egyptians. The spiral shape of the horns is an allusion to the highest and most remote things. Zoroaster defines God as ""having a spiral force."""
Two of Disks,two_of_disks.jpg,Change,Jupiter,,Capricorn,,,Disks,,,Chokmah,Earth,,"Change. Harmony of change. Alternation of gain and loss, weakness and strength, elation and melancholy. Varying occupation. Wandering. Visit to friends. Pleasant change. Industrious yet unreliable person.","Two of Disks = Change. Chokmah in the element of Earth. Jupiter in Capricornus. The card represents the two pentacles, one above the other, and are the Chinese symbols Yang and Yin. About them is a green Serpent; he forms the figure 8. This card symbolises the doctrine: Change is the support of stability."
Art,art.jpg,,Dragon's Tail,Jupiter,Sagittarius,,,,,25.6.9,,,,Combination of forces. Realization. Action based on accurate calculation. Economy. Management. Success after elaborate maneuvers. The way of escape.,"Art, formerly called Temperance. The highest achievement of alchemy was the affecting of change, the transmuting of objects, qualities, colours and so on, into their opposites. Thus in this card the red lion has become white, the white eagle has become red. In the main figure, the black and white personages which were the Lovers in Card VI. are now interchanged and fused into an androgyne figure. This is the consummation of the Royal Marriage. The rainbow symbolises another stage in the alchemical process by the aura of many-coloured lights rising out of putrefaction. Putrefaction itself is shown by the raven perched on a skull on the cauldron. The consummation of the whole art of Alchemy is proclaimed in the glory with its inscription ""VISITA INTERIORA TERRAE RECTIFICANDO INVENIES OCCULTEM LAPIDEM."". The counsel to visit the interior of the earth is a recapitulation (on a higher plane) of the first formula of the Work. The important word is RECTIFICANDO, it implies the right leading of the new living substance in the path of the True Will."
The Hermit,the_hermit.jpg,,Mercury,Mercury,Virgo,,,,,20.4.6,,,,Illumination from within. Divine inspiration. Wisdom. Prudence. Circumspection. Retirement from participation in current events.,"The Hermit. The letter, to which this card is attributed, is the letter Yod, the foundation of all the other letters of the Hebrew Alphabet. The symbolism is that of the Creator of Life and his representative is the Spermatozoon. For that reason the card is called the Hermit. In the same order of ideas the Hermit holds the lamp whose centre is the Sun. The Egg, surrounded by the coils of a snake, typifies the Universe, while the snake signifies the fluidic essence of light, which is the life of the Universe. In this card are traces of the legend of Persephone. The serpent Wand, here seen growing out of the Abyss, is the Wand of Mercury, the guide of the soul through the lower regions. The letter Yod means ""a hand,"" and the hand is the centre of the design."
Six of Disks,six_of_disks.jpg,Success,Luna,Sol,Taurus,,,Disks,,,Tiphareth,Earth,,Success. Success and gain in material things. Power. Influence. Nobility. Philanthropy. Somewhat dreamy and transitory situation. Ill-dignified: Insolence. Conceit with wealth. Prodigality.,"Six of Disks = Success. Tiphareth in the suit of Earth. Moon in Taurus. The Disks are in a hexagram. The planets are arranged in their usual attribution, in the centre the Sun as Rose and Cross. This typifies the harmonious establishment of the energy of the Element."
Nine of Wands,nine_of_wands.jpg,Strength,Luna,Luna,Sagittarius,,,Wands,,,Yesod,Fire,,"Strength. Power. Health. Success after opposition and strife. Tremendous force. Recovery from sickness. Victory after apprehension and fear. Illustrates the aphorism that ""change is stability.""","Nine of Wands = Strength. Yesod in the suit of Fire. Moon and Sagittarius. The Wands have become arrows, eight in number, and one Master arrow which has the Moon for its point, and the Sun for the driving force above it. This card gives the fullest development of the Force in its relation to the Forces above it."
Six of Wands,six_of_wands.jpg,Victory,Jupiter,Sol,Leo,,,Wands,,,Tiphareth,Fire,,Victory. Energy in balanced manifestation. Love. Gain and success. Triumph after strife. Ill-dignified: Insolence and pride.,"Six of Wands = Victory. Tiphareth in the suit of Fire. Jupiter and Leo. Three Wands of the three Adepts in arranged order. Nine flames burn as lamps. Energy, and its reception and reflection by the Feminine, are typified."
Nine of Disks,nine_of_disks.jpg,Gain,Venus,Luna,Virgo,,,Disks,,,Yesod,Earth,,Gain. Good luck attending material affairs. Inheritance. Great increase of wealth. Completion of material gain. Ill-dignified: Covetousness. Theft. Knavery.,"Nine of Disks = Gain. Yesod in the suit of Earth. Venus in Virgo. The Disks are arranged as an equilateral triangle of three, apex upwards, surrounded by a ring. Six larger Disks form a hexagon. This signifies the multiplication of the original Word, the mingling of good luck and good management."
Adjustment,adjustment.jpg,,Saturn,Venus,Libra,,,,,22.5.6,,,,"Justice. Balance. Adjustment. Suspension of action pending decision. May refer to lawsuits, trials, marriages, treaties, etc.","Adjustment or traditionally Justice. This card represents the Woman satisfied. This condition is symbolised by the scales, in which she weighs the universe; Alpha, the first, exactly balances against Omega, the last. These scales represent the two 'witnesses.' Each 'witness' is an authentic manifestation of Maya, the one fulfilling the other by a process of contradiction, for nature is not Justice-she is rather through her process of equilibrium ""la Justesse."" Finally, this Woman is the original Harlequin, for the wild blend of colour and of movement resolves itself into an equilibrium of all possibilities of sensation."
Death,death.jpg,,Pluto,Mars,Scorpio,,,,,24.6.7,,,,"Transformation. Change voluntary or involuntary, perhaps sudden and unexpected. Apparent death or destruction that is illusory when viewed from a higher perspective.","Death. The alchemical sense of Death is not so much destruction as change. Thus we have, in this card, the Scorpion, representing primitive energy always ready to commit suicide (according to the legend) when heavily beset, but prepared to undergo any transformation which will permit its continued existence in a different form. The fish and serpent, here represented, have been objects of worship in cults which taught the doctrines of resurrection or re-incarnation. The central figure is executing the Dance of Death (skeleton and scythe are both Saturnian figures), and on his head he wears the crown of Osiris. The influence of Saturn is expressed in the negative aspect of Death as representing those essential forms which are not destroyed by the ordinary changes of nature; the positive and creative side is seen in the sweep of the scythe, which calls into being bubbles, symbolising new lives. The highest aspect of the card is the Eagle, which represents exaltation above solid matter."
Three of Cups,three_of_cups.jpg,Abundance,Mercury,Saturn,Cancer,,,Cups,,,Binah,Water,,"Abundance. Spiritual basis of fertility. Plenty. Hospitality. Pleasure. Sensuality. Passive success. Love. Kindness. Bounty. The good things of life, while they are to be enjoyed, are transient and therefore cannot be relied on.","Three of Cups = Abundance. Binah in the suit of Water. Mercury in Cancer. The Cups are pomegranates, bountifully overflowing in a calm sea, typifying the fulfilment of the Will to Love."
The Tower,the_tower.jpg,,Mars,,,,,,,27.7.8,,,,Quarrel. Combat. Danger. Ruin. Destruction of plans. Ambition. Courage. Sudden death. Escape from prison and all it implies.,"The Tower or the Blasted Tower, or the House of God. This card is attributed to the Hebrew letter PÃ©, which means a mouth. The card, which admits of two interpretations in one, is a manifestation in its rudest form, of pure destruction, the destruction of the old-established Aeon by lightning, flames, and engines of war. The other interpretation is drawn from the cult of Shiva. At the top of the card appears the Eye of Shiva. According to this, the card represents perfection, the perfection of annihilation by emancipation from the prison of organised life. The dove and the serpent represent the feminine and masculine impulses. In the language of Schopenhauer, ""The Will to Live and the Will to Die."""
Five of Cups,five_of_cups.jpg,Disappointment,Mars,Mars,Scorpio,,,Cups,,,Geburah,Water,,Disappointment. End of pleasure. Disturbance when least expected. Misfortune. Disappointment in love. Unkindness from friends. Loss of friendship. Treachery. Ill will. Sadness. Vain regret.,Five of Cups = Disappointment. Geburah in the suit of Water. Mars in Scorpio. The Cups are empty. They are arranged in an inverted pentagram. They symbolise the triumph of matter over spirit.
The Chariot,the_chariot.jpg,,Jupiter,Luna,Cancer,,,,,18.3.5,,,,"Triumph. Victory. Hope. Obedience. Faithfulness. Health. Success, though sometimes not enduring. Authority under authority. Ill-dignified: Violence in maintaining traditional ideas.","The Chariot. The four Sphinxes on this card, drawing the chariot, are the Bull, the Lion, the Eagle, and the Man, the whole representing the sixteen sub-elements. The function of the Charioteer is to bear the Holy Grail, in the centre of which is radiant blood, symbolising the presence of Light in Darkness."
Three of Swords,three_of_swords.jpg,Sorrow,Saturn,Saturn,Libra,,,Swords,,,Binah,Air,,Sorrow. Melancholy. Unhappiness. Tears. Disruption. Sowing of discord and strife. Delay. Absence. Separation. Mirth in forbidden pleasures. Deceit. Well-dignified: Singing. Faithfulness in promises. Honesty in money transactions.,"Three of Swords = Sorrow. Binah in the suit of Air. Saturn in Libra. The card represents the Great Sword of the Magician, point uppermost, cutting the junction of the two short swords. The background shows crystallisation and storm. This is the darkness of the Great Sea."
Ace of Swords,ace_of_swords.jpg,,,,,,,Swords,,,Kether,Air,,"The Root of the Powers of Air. Invoked force as contrasted with natural force (compare Ace of Wands). Represents great power for good or evil but invoked. Conquest. Whirling force. Activity. Strength through trouble. As affirmation of justice upholding divine authority, may become sword of wrath, punishment and affliction.","Ace of Swords. This card represents the first of the mixed elements, and is the result of the Union of Water and Air. In the centre is a sword implying kingship, which pierces a crown with twelve points for the twelve signs of the Zodiac."
Nine of Cups,nine_of_cups.jpg,Happiness,Jupiter,Luna,Pisces,,,Cups,,,Yesod,Water,,"Happiness. Complete success. Pleasure and happiness. Physical well-being. Happiness almost perfect but perhaps temporary. Ill-dignified: Danger of vanity, self-praise, conceit and overindulgence.",Nine of Cups = Happiness. Yesod in the suit of Water. Jupiter in Pisces. The nine Cups are perfectly arranged in a square. They are filled and overflowing with water. This is the most beneficent aspect of water.
